<?xml version="1.0" encoding="UTF-8"?>
<project>
   <target name="-pre-build">
        <echo>-pre-build</echo>
		<delete includeemptydirs="true"><fileset dir="assets" includes="**/*"/></delete>
  		<copy todir="assets"><fileset dir="web_assets"/></copy>
  		<!-- <copy todir="assets" overwrite = "true"><fileset dir="custom_assets"/></copy>        -->
 	</target>
    <target name="-pre-compile">
        <echo>-pre-compile</echo>
        <echo>Generating R.java / Manifest.java from the resources for ${package.internal}</echo>
		<exec executable="${aapt}" failonerror="true">
			 <arg value="package" />
			 <arg line="-v" />
			 <arg value="-m" />
			 <arg value="-J" />
			 <arg path="${gen.absolute.dir}" />
			 <arg value="-M" />
			 <arg path="AndroidManifest.xml" />
			 <arg value="-S" />
			 <arg path="${resource.absolute.dir}" />
			 <arg value="-I" />
			 <arg path="${android.jar}" />
			 <arg value="--custom-package" />
			 <arg value="${package.internal}" />
		 </exec> 
     </target>
</project>


